{"cameraMode":{"drawMode":0,"name":"Shaded","section":"Shading Mode"},"sceneLighting":true,"audioPlay":false,"sceneViewState":{"showFog":true,"showMaterialUpdate":false,"showSkybox":true,"showFlares":true,"showImageEffects":true,"showParticleSystems":true},"in2DMode":false,"pivot":{"x":39.65065002441406,"y":-7.077974319458008,"z":37.61477279663086},"rotation":{"x":0.20372256636619569,"y":0.7767419219017029,"z":-0.31142109632492068,"w":0.5081201195716858},"size":223.72691345214845,"orthographic":false}