{"cameraMode":{"drawMode":0,"name":"Shaded","section":"Shading Mode"},"sceneLighting":true,"audioPlay":false,"sceneViewState":{"showFog":true,"showMaterialUpdate":false,"showSkybox":true,"showFlares":true,"showImageEffects":true,"showParticleSystems":true},"in2DMode":false,"pivot":{"x":7.23628044128418,"y":-15.795421600341797,"z":-10.409549713134766},"rotation":{"x":0.12638409435749055,"y":0.8718178272247315,"z":-0.30331242084503176,"w":0.36326614022254946},"size":2.3566715717315676,"orthographic":false}