{"cameraMode":{"drawMode":0,"name":"Shaded","section":"Shading Mode"},"sceneLighting":false,"audioPlay":false,"sceneViewState":{"showFog":true,"showMaterialUpdate":false,"showSkybox":true,"showFlares":true,"showImageEffects":true,"showParticleSystems":true},"in2DMode":false,"pivot":{"x":0.2669999897480011,"y":0.6909999847412109,"z":-0.15935543179512025},"rotation":{"x":-0.026236750185489656,"y":0.9683196544647217,"z":-0.11559031903743744,"w":-0.2197902649641037},"size":3.208331346511841,"orthographic":false}