{"cameraMode":{"drawMode":0,"name":"Shaded","section":"Shading Mode"},"sceneLighting":false,"audioPlay":false,"sceneViewState":{"showFog":true,"showMaterialUpdate":false,"showSkybox":true,"showFlares":true,"showImageEffects":true,"showParticleSystems":true},"in2DMode":false,"pivot":{"x":-0.5940622091293335,"y":-3.8823859691619875,"z":-4.682148456573486},"rotation":{"x":0.12638409435749055,"y":0.8718178272247315,"z":-0.30331242084503176,"w":0.36326614022254946},"size":2.3566715717315676,"orthographic":false}