{"cameraMode":{"drawMode":0,"name":"Shaded","section":"Shading Mode"},"sceneLighting":true,"audioPlay":false,"sceneViewState":{"showFog":true,"showMaterialUpdate":false,"showSkybox":true,"showFlares":true,"showImageEffects":true,"showParticleSystems":true},"in2DMode":false,"pivot":{"x":7.075823783874512,"y":-0.12412811815738678,"z":5.562631607055664},"rotation":{"x":0.29743820428848269,"y":0.2386581152677536,"z":-0.07705650478601456,"w":0.9212139248847961},"size":10.043272972106934,"orthographic":false}