{"cameraMode":{"drawMode":0,"name":"Shaded","section":"Shading Mode"},"sceneLighting":false,"audioPlay":false,"sceneViewState":{"showFog":true,"showMaterialUpdate":false,"showSkybox":true,"showFlares":true,"showImageEffects":true,"showParticleSystems":true},"in2DMode":false,"pivot":{"x":-0.2559639811515808,"y":-5.122173309326172,"z":-3.267000913619995},"rotation":{"x":0.04627169668674469,"y":0.9431610703468323,"z":-0.29362526535987856,"w":0.1486286222934723},"size":2.3566715717315676,"orthographic":false}