{"cameraMode":{"drawMode":0,"name":"Shaded","section":"Shading Mode"},"sceneLighting":true,"audioPlay":false,"sceneViewState":{"showFog":true,"showMaterialUpdate":false,"showSkybox":true,"showFlares":true,"showImageEffects":true,"showParticleSystems":true},"in2DMode":false,"pivot":{"x":14.18679428100586,"y":-21.70775604248047,"z":29.605987548828126},"rotation":{"x":0.29743820428848269,"y":0.2386581152677536,"z":-0.07705650478601456,"w":0.9212139248847961},"size":84.4546890258789,"orthographic":false}