{"cameraMode":{"drawMode":0,"name":"Shaded","section":"Shading Mode"},"sceneLighting":true,"audioPlay":false,"sceneViewState":{"showFog":true,"showMaterialUpdate":false,"showSkybox":true,"showFlares":true,"showImageEffects":true,"showParticleSystems":true},"in2DMode":false,"pivot":{"x":0.5104345083236694,"y":0.7305532097816467,"z":-0.5816934108734131},"rotation":{"x":-0.026236750185489656,"y":0.9683196544647217,"z":-0.11559031903743744,"w":-0.2197902649641037},"size":2.1397528648376467,"orthographic":false}