{"cameraMode":{"drawMode":0,"name":"Shaded","section":"Shading Mode"},"sceneLighting":false,"audioPlay":false,"sceneViewState":{"showFog":true,"showMaterialUpdate":false,"showSkybox":true,"showFlares":true,"showImageEffects":true,"showParticleSystems":true},"in2DMode":false,"pivot":{"x":3.9031124114990236,"y":-2.9461188316345217,"z":-3.958542823791504},"rotation":{"x":0.12638409435749055,"y":0.8718178272247315,"z":-0.30331242084503176,"w":0.36326614022254946},"size":2.356671094894409,"orthographic":false}