{"cameraMode":{"drawMode":0,"name":"Shaded","section":"Shading Mode"},"sceneLighting":true,"audioPlay":false,"sceneViewState":{"showFog":true,"showMaterialUpdate":false,"showSkybox":true,"showFlares":true,"showImageEffects":true,"showParticleSystems":true},"in2DMode":false,"pivot":{"x":4.56566047668457,"y":5.891759872436523,"z":14.608404159545899},"rotation":{"x":0.29743820428848269,"y":0.2386581152677536,"z":-0.07705650478601456,"w":0.9212139248847961},"size":74.60909271240235,"orthographic":false}