{"cameraMode":{"drawMode":0,"name":"Shaded","section":"Shading Mode"},"sceneLighting":true,"audioPlay":false,"sceneViewState":{"showFog":true,"showMaterialUpdate":false,"showSkybox":true,"showFlares":true,"showImageEffects":true,"showParticleSystems":true},"in2DMode":false,"pivot":{"x":1.1990447044372559,"y":1.0151084661483765,"z":-0.9877225160598755},"rotation":{"x":-0.026236750185489656,"y":0.9683196544647217,"z":-0.11559031903743744,"w":-0.2197902649641037},"size":3.3397529125213625,"orthographic":false}